front,back
From what naturally occurring protective protein source is the synthetic peptide $BPC-157$ derived?,Gastric juice.
What is the primary physiological function of $BPC-157$ regarding soft tissue repair?,"It accelerates the healing of muscles, tendons, and ligaments."
By what specific mechanism does $BPC-157$ improve the delivery of oxygen and nutrients to an injury site?,Angiogenesis (the formation of new blood vessels).
How does $BPC-157$ affect the expression of growth factors in the body?,It upregulates repair-related growth factors to drive cell proliferation.
"In the context of the DarDoc protocol, what is the standard volume dose for a $BPC-157$ injection?",$0.15\text{ ml}$ (15 Units on an insulin syringe).
What is the total treatment duration provided by a single $5\text{ ml}$ vial at a dosage of $0.15\text{ ml}$ daily?,33 days.
What is the recommended daily frequency for $BPC-157$ injections?,Once daily.
What is the ideal time of day and metabolic state for administering $BPC-157$?,"In the morning, preferably on an empty stomach."
"After a $BPC-157$ injection, how long should a patient wait before consuming breakfast?",At least 30 minutes.
Where is the specific anatomical site recommended for a $BPC-157$ subcutaneous injection?,"The abdominal fat, approximately 2 inches from the belly button."
What is the mandatory first step before preparing a $BPC-157$ dose to prevent infection?,Wash hands thoroughly with soap.
Why is it necessary to wipe the rubber stopper of the vial with alcohol before each use?,To prevent contamination of the medication and maintain sterility.
What size 'fold of fat' should be gently pinched when performing the subcutaneous injection?,A 1-inch fold.
What is the standard needle insertion angle for a patient with normal body composition?,90 degrees.
Under what physical condition might a patient be advised to tilt the needle to a 45-degree angle?,If the patient is very lean.
How long should the needle remain inserted after the plunger is fully depressed?,5 seconds.
What action should be avoided immediately after withdrawing the needle from the injection site?,Do not rub the site.
What is the 'Beyond-Use Date' for a $BPC-157$ vial once the seal has been first punctured?,28 days.
What is the required temperature range for storing a $BPC-157$ vial?,$2-8\text{ }^\circ\text{C}$ ($36-46\text{ }^\circ\text{F}$).
Why is shaking a $BPC-157$ vial contraindicated during mixing?,Shaking can 'break' or damage the delicate peptide chains.
What physical technique should be used to mix the vial contents safely?,Gently swirl the vial between the palms.
What visual characteristic indicates that a $BPC-157$ solution is safe for use?,The solution is clear.
"If a $BPC-157$ solution appears cloudy or contains visible particles, what should the patient do?",Do not use it and contact the clinical team for a replacement.
Which two specific supplements provide the 'bricks and mortar' for $BPC-157$ to rebuild joints?,Collagen ($10-20\text{g}$) and Vitamin C.
What dietary focus provides the necessary building blocks for new tissue during this protocol?,"A high-protein diet (e.g., lean meats, fish)."
How does staying well-hydrated specifically support the repair process in this protocol?,It supports tissue elasticity.
Within what timeframe do many patients first notice a reduction in inflammation?,Within the first week.
How long does structural repair of tendons and ligaments typically take on the $BPC-157$ protocol?,4 to 6 weeks.
What is the typical duration for a full course of treatment to achieve maximum benefit?,8 to 12 weeks.
What are the two most common (though rare) side effects when starting $BPC-157$?,Mild nausea and a slight headache.
What is the protocol if a patient misses a scheduled dose of $BPC-157$?,Skip the missed dose and resume the next scheduled one without doubling up.
What dermatological symptoms indicate that a patient should stop injecting and contact a doctor immediately?,"Rash, hives, or swelling at the injection site."
What systemic symptoms constitute a severe allergic reaction requiring emergency services?,Difficulty breathing or swelling of the face and throat.
For how long should $BPC-157$ be paused surrounding a planned surgical or dental procedure?,48 hours before and 48 hours after the procedure.
"In the 'Square Rotation' technique, what is the size of the square imagined around the belly button?",4 inches.
What is the primary purpose of rotating the injection site daily?,To prevent bruising or tissue toughening.
What preparation step involves the syringe and air before drawing the liquid from the vial?,Pulling the plunger to the dose mark with air and pushing it into the vial.
Why is it recommended to push air into the vial before drawing the dose?,It makes drawing the liquid back into the syringe easier.
How should used needles be disposed of if a dedicated Sharps container is not available?,In a thick plastic bottle (like detergent) with a screw-on lid.
What is the storage requirement for $BPC-157$ during trips longer than a few hours?,In an insulated cooler with ice packs (avoiding direct ice contact).
Where should needles and prescription documentation be kept during air travel?,"In carry-on luggage, with needles in their original packaging."
Definition: Peptides,Short chains of amino acids that act as biological messengers signaling cells to perform specific functions.
How do peptides differ from conventional medicines in their method of action?,They trigger the body's own repair systems 'upstream' rather than just blocking receptors or symptoms.
Why are peptides described as 'biologically native'?,Because the body recognizes their sequences and clears them through normal metabolic pathways.
What are the three core principles guiding the DarDoc peptide protocol?,"Physician-led personalization, ongoing medical oversight, and pharmaceutical-grade sourcing."
What is the minimum purity standard for peptides prescribed through DarDoc?,At least $99\%$ purity.
In which specific types of pharmacies are DarDoc peptides compounded?,DHA-licensed compounding pharmacies in the UAE.
"According to the safety guidelines, in what three patient populations are peptides generally not recommended?","During pregnancy, breastfeeding, or in patients with active malignancy."
True or False: $BPC-157$ acts locally at the injection site rather than systemically.,False ($BPC-157$ acts systemically to support repair throughout the body).
"Besides tendons, ligaments, and muscles, what other anatomical structure does $BPC-157$ help repair?",The vascular lining.
"What is the suggested action if a patient notices the injection site is increasingly warm, red, and developing pus?",Stop injections immediately and call the clinical line directly to report a suspected infection.
In what specific physical location on the body can the 'Square Rotation' technique be applied besides the stomach fat?,Thigh fat.
What baseline medical assessment might be required before starting a $BPC-157$ protocol with DarDoc?,A blood test to check general health and inflammation levels.
What is the primary goal of modulating inflammatory mediators with $BPC-157$?,To reduce pain and swelling without broadly suppressing the immune system.
Concept: Restorative vs. Suppressive Medicine,Definition: Peptides address underlying repair processes (restorative) rather than simply masking symptoms (suppressive).
What should a patient do if their medication shipment arrives feeling warm?,Do not use it and contact the clinic for a replacement.